{"actg320_disc": {"num_rules": 9, "length": 2.2222222222222223, "ruleCoverage": 0.25726421469253785, "ruleCoverageSTD": 0.15599399851686832, "setCoverage": 1.0, "IBS": 0.4331610123666772}, "breast-cancer_disc": {"num_rules": 11, "length": 1.1818181818181819, "ruleCoverage": 0.24257884972170687, "ruleCoverageSTD": 0.15129412273005652, "setCoverage": 0.9387755102040817, "IBS": 0.008101052714691883}, "cancer_disc": {"num_rules": 11, "length": 2.0, "ruleCoverage": 0.16666666666666666, "ruleCoverageSTD": 0.16220051927125756, "setCoverage": 0.7440476190476191, "IBS": 0.0762227571346494}, "carcinoma_disc": {"num_rules": 10, "length": 1.8, "ruleCoverage": 0.2673575129533679, "ruleCoverageSTD": 0.19878013982226206, "setCoverage": 0.9896373056994818, "IBS": 0.0634358032890032}, "gbsg2_disc": {"num_rules": 14, "length": 1.7857142857142858, "ruleCoverage": 0.1871095376926281, "ruleCoverageSTD": 0.2408203144084873, "setCoverage": 1.0, "IBS": 0.1257707681717534}, "lung_disc": {"num_rules": 9, "length": 1.0, "ruleCoverage": 0.35195461832531755, "ruleCoverageSTD": 0.1347611433043005, "setCoverage": 1.0, "IBS": 0.12280533744709189}, "melanoma_disc": {"num_rules": 6, "length": 1.0, "ruleCoverage": 0.38943089430894307, "ruleCoverageSTD": 0.16776556229412315, "setCoverage": 1.0, "IBS": 0.015354040704688173}, "mgus_disc": {"num_rules": 13, "length": 1.6153846153846154, "ruleCoverage": 0.11145104895104896, "ruleCoverageSTD": 0.0759207383165393, "setCoverage": 0.7102272727272727, "IBS": 0.005245283481813127}, "mgus2_disc": {"num_rules": 6, "length": 1.1666666666666667, "ruleCoverage": 0.18111609367214748, "ruleCoverageSTD": 0.08747871783489589, "setCoverage": 0.695067264573991, "IBS": 0.3786599319987357}, "pbc_disc": {"num_rules": 11, "length": 1.3636363636363635, "ruleCoverage": 0.20092226613965744, "ruleCoverageSTD": 0.27653589642835186, "setCoverage": 1.0, "IBS": 0.026277014497559044}, "ptc_disc": {"num_rules": 4, "length": 1.5, "ruleCoverage": 0.3042071197411003, "ruleCoverageSTD": 0.35527289352967717, "setCoverage": 1.0, "IBS": 0.3290425366983909}, "uis_disc": {"num_rules": 15, "length": 2.0, "ruleCoverage": 0.23466666666666666, "ruleCoverageSTD": 0.1765909385793104, "setCoverage": 0.9947826086956522, "IBS": 0.364723939862999}, "veteran_disc": {"num_rules": 10, "length": 1.6, "ruleCoverage": 0.1802919708029197, "ruleCoverageSTD": 0.08373824939056737, "setCoverage": 0.8394160583941606, "IBS": 0.1649379642247054}, "whas500_disc": {"num_rules": 3, "length": 1.0, "ruleCoverage": 0.378, "ruleCoverageSTD": 0.23202298736691299, "setCoverage": 1.0, "IBS": 0.039341229162834696}}